INSERT INTO sae.classes (branch, year, sec_from, sec_to)
VALUES ('COE', 3, 1, 3);
INSERT INTO sae.classes (branch, year, sec_from, sec_to)
VALUES ('COE', 3, 4, 6);
INSERT INTO sae.classes (branch, year, sec_from, sec_to)
VALUES ('COE', 3, 7, 9);
INSERT INTO sae.classes (branch, year, sec_from, sec_to)
VALUES ('COE', 3, 10, 12);
INSERT INTO sae.classes (branch, year, sec_from, sec_to)
VALUES ('COE', 3, 13, 15);
INSERT INTO sae.classes (branch, year, sec_from, sec_to)
VALUES ('COE', 3, 20, 23);
INSERT INTO sae.classes (branch, year, sec_from, sec_to)
VALUES ('COE', 3, 16, 19);

INSERT INTO sae.courses (course_name, course_code)
VALUES ('Parallel and distributed computing', 'UCS608');
INSERT INTO sae.courses (course_name, course_code)
VALUES ('Advanced Data Structures', 'UCS616');
INSERT INTO sae.courses (course_name, course_code)
VALUES ('Computer Architecture', 'UCS507');
INSERT INTO sae.courses (course_name, course_code)
VALUES ('Artificial Intelligence', 'UCS521');
INSERT INTO sae.courses (course_name, course_code)
VALUES ('Software Engineering', 'UCS503');
INSERT INTO sae.courses (course_name, course_code)
VALUES ('Machine Learning', 'UCS501');
INSERT INTO sae.courses (course_name, course_code)
VALUES ('Theory of Computation', 'UCS701');

INSERT INTO sae.students (student_rollno, student_name)
VALUES (101783005, 'Arshdeep Singh');
INSERT INTO sae.students (student_rollno, student_name)
VALUES (101783004, 'Abhishek Kumar');
INSERT INTO sae.students (student_rollno, student_name)
VALUES (101783003, 'Abhishek Grover');
INSERT INTO sae.students (student_rollno, student_name)
VALUES (101783006, 'Ashbir Dhiman');
INSERT INTO sae.students (student_rollno, student_name)
VALUES (101783007, 'Arushi Malhotra');
INSERT INTO sae.students (student_rollno, student_name)
VALUES (101783011, 'Bhargav Sood');
INSERT INTO sae.students (student_rollno, student_name)
VALUES (101783012, 'Chetan Batra');
INSERT INTO sae.students (student_rollno, student_name)
VALUES (101783013, 'Bandhan Goyal');
INSERT INTO sae.students (student_rollno, student_name)
VALUES (101783014, 'Bhakti Verma');
INSERT INTO sae.students (student_rollno, student_name)
VALUES (101783001, 'Avesh Srivastava');
INSERT INTO sae.students (student_rollno, student_name)
VALUES (101783015, 'Gurpreet Singh Walia');
INSERT INTO sae.students (student_rollno, student_name)
VALUES (101783009, 'Barjinder Pal Singh');
INSERT INTO sae.students (student_rollno, student_name)
VALUES (101610037, 'Eshaan Mangal');
INSERT INTO sae.students (student_rollno, student_name)
VALUES (101611020, 'Eklavya Gehlaut');
INSERT INTO sae.students (student_rollno, student_name)
VALUES (101783017, 'Harjot Singh');
INSERT INTO sae.students (student_rollno, student_name)
VALUES (101783019, 'Harsh Jindal');
INSERT INTO sae.students (student_rollno, student_name)
VALUES (101783020, 'Chahat Jindal');
INSERT INTO sae.students (student_rollno, student_name)
VALUES (101783021, 'Jai Prakash');
INSERT INTO sae.students (student_rollno, student_name)
VALUES (101783022, 'Harshim Sachdeva');
INSERT INTO sae.students (student_rollno, student_name)
VALUES (101783023, 'Kanwarbir Singh');
INSERT INTO sae.students (student_rollno, student_name)
VALUES (101783024, 'Muskaan Kohli');
INSERT INTO sae.students (student_rollno, student_name)
VALUES (101783025, 'Sharanpreet Kaur');
INSERT INTO sae.students (student_rollno, student_name)
VALUES (101783026, 'Pardaman Kaur');
INSERT INTO sae.students (student_rollno, student_name)
VALUES (101783027, 'Nidhi Rajpal');
INSERT INTO sae.students (student_rollno, student_name)
VALUES (101783028, 'Palak Sharma');
INSERT INTO sae.students (student_rollno, student_name)
VALUES (101783029, 'Parshant Jindal');
INSERT INTO sae.students (student_rollno, student_name)
VALUES (101783030, 'Ritik Verma');
INSERT INTO sae.students (student_rollno, student_name)
VALUES (101783031, 'Mohit Verma');
INSERT INTO sae.students (student_rollno, student_name)
VALUES (101783032, 'Ritik Mahajan');
INSERT INTO sae.students (student_rollno, student_name)
VALUES (101783033, 'Ritika');
INSERT INTO sae.students (student_rollno, student_name)
VALUES (101783037, 'Sarthak Sharma');
INSERT INTO sae.students (student_rollno, student_name)
VALUES (101783040, 'Shruti');
INSERT INTO sae.students (student_rollno, student_name)
VALUES (101783041, 'Sutikshan Lakhanpal');
INSERT INTO sae.students (student_rollno, student_name)
VALUES (101783042, 'Swaril Rani');
INSERT INTO sae.students (student_rollno, student_name)
VALUES (101783039, 'Purnima Tayal');

INSERT INTO sae.teachers (teacher_code, teacher_name, designation, contact, email)
VALUES ('sanmeet.bhatia', 'Sanmeet Bhatia', 'Professor', '9876543210', 'sanmeet.bhatia@thapar.edu');
INSERT INTO sae.teachers (teacher_code, teacher_name, designation, contact, email)
VALUES ('vinay.arora', 'Vinay Arora', 'Professor', '9876543212', 'Vinay.arora@thapar.edu');
INSERT INTO sae.teachers (teacher_code, teacher_name, designation, contact, email)
VALUES ('shreelekha.pandey', 'Shreelekha Pandey', 'Professor', '9876543211', 'shreelekha.pandey@thapar.edu');
INSERT INTO sae.teachers (teacher_code, teacher_name, designation, contact, email)
VALUES ('anika', 'Anika', 'Professor', '9876543213', 'anika@thapar.edu');
INSERT INTO sae.teachers (teacher_code, teacher_name, designation, contact, email)
VALUES ('singara.singh', 'Singara Singh', 'Professor', '9876543214', 'singara.kasana@thapar.edu');
INSERT INTO sae.teachers (teacher_code, teacher_name, designation, contact, email)
VALUES ('parteek.bhatia', 'Parteek Bhatia', 'Professor', '9876034500', 'parteek.bhatia@thapar.edu');
INSERT INTO sae.teachers (teacher_code, teacher_name, designation, contact, email)
VALUES ('jhilik.bhattacharya', 'Jhilik Bhattacharya', 'Professor', '9876543215', 'jhilik.bhattacharya@thapar.edu');
INSERT INTO sae.teachers (teacher_code, teacher_name, designation, contact, email)
VALUES ('sukhchandan.randhawa', 'Sukhchandan Randhawa', 'Professor', '9876543216', 'sukhchanda.randhawa@thapar.edu');
INSERT INTO sae.teachers (teacher_code, teacher_name, designation, contact, email)
VALUES ('ajay.kumar', 'Ajay Kumar', 'Professor', '9876543217', 'ajay.kumar@thapar.edu');
INSERT INTO sae.teachers (teacher_code, teacher_name, designation, contact, email)
VALUES ('rohit.ahuja', 'Rohit Ahuja', 'Professor', '9876543218', 'rohit.ahuja@thapar.edu');
INSERT INTO sae.teachers (teacher_code, teacher_name, designation, contact, email)
VALUES ('rashmi.chaudhary', 'Rashmi Chaudhary', 'Professor', '9876543219', 'rashmi.chaudhary@thapar.edu');
INSERT INTO sae.teachers (teacher_code, teacher_name, designation, contact, email)
VALUES ('nitin.saxena', 'Nitin Saxena', 'Professor', '9876543220', 'nitin.saxena@thapar.edu');
INSERT INTO sae.teachers (teacher_code, teacher_name, designation, contact, email)
VALUES ('rupali.bhardwaj', 'Rupali Bhardwaj', 'Professor', '9876543221', 'rupali.bhardwaj@thapar.edu');
INSERT INTO sae.teachers (teacher_code, teacher_name, designation, contact, email)
VALUES ('anju.bala', 'Anju Bala', 'Professor', '9876543222', 'anju.bala@thapar.edu');

INSERT INTO sae.logins (teacher_id, password)
VALUES (1, 'test123');
INSERT INTO sae.logins (teacher_id, password)
VALUES (2, 'test123');
INSERT INTO sae.logins (teacher_id, password)
VALUES (3, 'test123');
INSERT INTO sae.logins (teacher_id, password)
VALUES (4, 'test123');
INSERT INTO sae.logins (teacher_id, password)
VALUES (5, 'test123');
INSERT INTO sae.logins (teacher_id, password)
VALUES (6, 'test123');
INSERT INTO sae.logins (teacher_id, password)
VALUES (7, 'test123');
INSERT INTO sae.logins (teacher_id, password)
VALUES (8, 'test123');
INSERT INTO sae.logins (teacher_id, password)
VALUES (9, 'test123');
INSERT INTO sae.logins (teacher_id, password)
VALUES (10, 'test123');
INSERT INTO sae.logins (teacher_id, password)
VALUES (11, 'test123');
INSERT INTO sae.logins (teacher_id, password)
VALUES (12, 'test123');
INSERT INTO sae.logins (teacher_id, password)
VALUES (13, 'test123');
INSERT INTO sae.logins (teacher_id, password)
VALUES (14, 'test123');

INSERT INTO sae.student_classes (class_id, student_id)
VALUES (1, 1);
INSERT INTO sae.student_classes (class_id, student_id)
VALUES (1, 2);
INSERT INTO sae.student_classes (class_id, student_id)
VALUES (1, 3);
INSERT INTO sae.student_classes (class_id, student_id)
VALUES (1, 4);
INSERT INTO sae.student_classes (class_id, student_id)
VALUES (1, 5);
INSERT INTO sae.student_classes (class_id, student_id)
VALUES (2, 6);
INSERT INTO sae.student_classes (class_id, student_id)
VALUES (2, 7);
INSERT INTO sae.student_classes (class_id, student_id)
VALUES (2, 8);
INSERT INTO sae.student_classes (class_id, student_id)
VALUES (2, 9);
INSERT INTO sae.student_classes (class_id, student_id)
VALUES (2, 10);
INSERT INTO sae.student_classes (class_id, student_id)
VALUES (3, 11);
INSERT INTO sae.student_classes (class_id, student_id)
VALUES (3, 12);
INSERT INTO sae.student_classes (class_id, student_id)
VALUES (3, 13);
INSERT INTO sae.student_classes (class_id, student_id)
VALUES (3, 14);
INSERT INTO sae.student_classes (class_id, student_id)
VALUES (3, 15);
INSERT INTO sae.student_classes (class_id, student_id)
VALUES (4, 16);
INSERT INTO sae.student_classes (class_id, student_id)
VALUES (4, 17);
INSERT INTO sae.student_classes (class_id, student_id)
VALUES (4, 18);
INSERT INTO sae.student_classes (class_id, student_id)
VALUES (4, 19);
INSERT INTO sae.student_classes (class_id, student_id)
VALUES (4, 20);
INSERT INTO sae.student_classes (class_id, student_id)
VALUES (5, 21);
INSERT INTO sae.student_classes (class_id, student_id)
VALUES (5, 22);
INSERT INTO sae.student_classes (class_id, student_id)
VALUES (5, 23);
INSERT INTO sae.student_classes (class_id, student_id)
VALUES (5, 24);
INSERT INTO sae.student_classes (class_id, student_id)
VALUES (5, 25);
INSERT INTO sae.student_classes (class_id, student_id)
VALUES (7, 26);
INSERT INTO sae.student_classes (class_id, student_id)
VALUES (7, 27);
INSERT INTO sae.student_classes (class_id, student_id)
VALUES (7, 28);
INSERT INTO sae.student_classes (class_id, student_id)
VALUES (7, 29);
INSERT INTO sae.student_classes (class_id, student_id)
VALUES (7, 30);
INSERT INTO sae.student_classes (class_id, student_id)
VALUES (6, 31);
INSERT INTO sae.student_classes (class_id, student_id)
VALUES (6, 32);
INSERT INTO sae.student_classes (class_id, student_id)
VALUES (6, 33);
INSERT INTO sae.student_classes (class_id, student_id)
VALUES (6, 34);
INSERT INTO sae.student_classes (class_id, student_id)
VALUES (6, 35);

INSERT INTO sae.student_courses (student_id, course_id)
VALUES (1, 2);
INSERT INTO sae.student_courses (student_id, course_id)
VALUES (2, 2);
INSERT INTO sae.student_courses (student_id, course_id)
VALUES (3, 2);
INSERT INTO sae.student_courses (student_id, course_id)
VALUES (4, 2);
INSERT INTO sae.student_courses (student_id, course_id)
VALUES (5, 2);
INSERT INTO sae.student_courses (student_id, course_id)
VALUES (6, 2);
INSERT INTO sae.student_courses (student_id, course_id)
VALUES (7, 2);
INSERT INTO sae.student_courses (student_id, course_id)
VALUES (8, 2);
INSERT INTO sae.student_courses (student_id, course_id)
VALUES (9, 2);
INSERT INTO sae.student_courses (student_id, course_id)
VALUES (10, 2);
INSERT INTO sae.student_courses (student_id, course_id)
VALUES (11, 2);
INSERT INTO sae.student_courses (student_id, course_id)
VALUES (12, 2);
INSERT INTO sae.student_courses (student_id, course_id)
VALUES (13, 2);
INSERT INTO sae.student_courses (student_id, course_id)
VALUES (14, 2);
INSERT INTO sae.student_courses (student_id, course_id)
VALUES (15, 2);
INSERT INTO sae.student_courses (student_id, course_id)
VALUES (16, 2);
INSERT INTO sae.student_courses (student_id, course_id)
VALUES (17, 2);
INSERT INTO sae.student_courses (student_id, course_id)
VALUES (18, 2);
INSERT INTO sae.student_courses (student_id, course_id)
VALUES (19, 2);
INSERT INTO sae.student_courses (student_id, course_id)
VALUES (20, 2);
INSERT INTO sae.student_courses (student_id, course_id)
VALUES (21, 2);
INSERT INTO sae.student_courses (student_id, course_id)
VALUES (22, 2);
INSERT INTO sae.student_courses (student_id, course_id)
VALUES (23, 2);
INSERT INTO sae.student_courses (student_id, course_id)
VALUES (24, 2);
INSERT INTO sae.student_courses (student_id, course_id)
VALUES (25, 2);
INSERT INTO sae.student_courses (student_id, course_id)
VALUES (26, 2);
INSERT INTO sae.student_courses (student_id, course_id)
VALUES (27, 2);
INSERT INTO sae.student_courses (student_id, course_id)
VALUES (28, 2);
INSERT INTO sae.student_courses (student_id, course_id)
VALUES (29, 2);
INSERT INTO sae.student_courses (student_id, course_id)
VALUES (30, 2);
INSERT INTO sae.student_courses (student_id, course_id)
VALUES (31, 2);
INSERT INTO sae.student_courses (student_id, course_id)
VALUES (32, 2);
INSERT INTO sae.student_courses (student_id, course_id)
VALUES (33, 2);
INSERT INTO sae.student_courses (student_id, course_id)
VALUES (34, 2);
INSERT INTO sae.student_courses (student_id, course_id)
VALUES (35, 2);
INSERT INTO sae.student_courses (student_id, course_id)
VALUES (1, 3);
INSERT INTO sae.student_courses (student_id, course_id)
VALUES (2, 3);
INSERT INTO sae.student_courses (student_id, course_id)
VALUES (3, 3);
INSERT INTO sae.student_courses (student_id, course_id)
VALUES (4, 3);
INSERT INTO sae.student_courses (student_id, course_id)
VALUES (5, 3);
INSERT INTO sae.student_courses (student_id, course_id)
VALUES (6, 3);
INSERT INTO sae.student_courses (student_id, course_id)
VALUES (7, 3);
INSERT INTO sae.student_courses (student_id, course_id)
VALUES (8, 3);
INSERT INTO sae.student_courses (student_id, course_id)
VALUES (9, 3);
INSERT INTO sae.student_courses (student_id, course_id)
VALUES (10, 3);
INSERT INTO sae.student_courses (student_id, course_id)
VALUES (11, 3);
INSERT INTO sae.student_courses (student_id, course_id)
VALUES (12, 3);
INSERT INTO sae.student_courses (student_id, course_id)
VALUES (13, 3);
INSERT INTO sae.student_courses (student_id, course_id)
VALUES (14, 3);
INSERT INTO sae.student_courses (student_id, course_id)
VALUES (15, 3);
INSERT INTO sae.student_courses (student_id, course_id)
VALUES (16, 3);
INSERT INTO sae.student_courses (student_id, course_id)
VALUES (17, 3);
INSERT INTO sae.student_courses (student_id, course_id)
VALUES (18, 3);
INSERT INTO sae.student_courses (student_id, course_id)
VALUES (19, 3);
INSERT INTO sae.student_courses (student_id, course_id)
VALUES (20, 3);
INSERT INTO sae.student_courses (student_id, course_id)
VALUES (21, 3);
INSERT INTO sae.student_courses (student_id, course_id)
VALUES (22, 3);
INSERT INTO sae.student_courses (student_id, course_id)
VALUES (23, 3);
INSERT INTO sae.student_courses (student_id, course_id)
VALUES (24, 3);
INSERT INTO sae.student_courses (student_id, course_id)
VALUES (25, 3);
INSERT INTO sae.student_courses (student_id, course_id)
VALUES (26, 3);
INSERT INTO sae.student_courses (student_id, course_id)
VALUES (27, 3);
INSERT INTO sae.student_courses (student_id, course_id)
VALUES (28, 3);
INSERT INTO sae.student_courses (student_id, course_id)
VALUES (29, 3);
INSERT INTO sae.student_courses (student_id, course_id)
VALUES (30, 3);
INSERT INTO sae.student_courses (student_id, course_id)
VALUES (31, 3);
INSERT INTO sae.student_courses (student_id, course_id)
VALUES (32, 3);
INSERT INTO sae.student_courses (student_id, course_id)
VALUES (33, 3);
INSERT INTO sae.student_courses (student_id, course_id)
VALUES (34, 3);
INSERT INTO sae.student_courses (student_id, course_id)
VALUES (35, 3);
INSERT INTO sae.student_courses (student_id, course_id)
VALUES (1, 4);
INSERT INTO sae.student_courses (student_id, course_id)
VALUES (2, 4);
INSERT INTO sae.student_courses (student_id, course_id)
VALUES (3, 4);
INSERT INTO sae.student_courses (student_id, course_id)
VALUES (4, 4);
INSERT INTO sae.student_courses (student_id, course_id)
VALUES (5, 4);
INSERT INTO sae.student_courses (student_id, course_id)
VALUES (6, 4);
INSERT INTO sae.student_courses (student_id, course_id)
VALUES (7, 4);
INSERT INTO sae.student_courses (student_id, course_id)
VALUES (8, 4);
INSERT INTO sae.student_courses (student_id, course_id)
VALUES (9, 4);
INSERT INTO sae.student_courses (student_id, course_id)
VALUES (10, 4);
INSERT INTO sae.student_courses (student_id, course_id)
VALUES (11, 4);
INSERT INTO sae.student_courses (student_id, course_id)
VALUES (12, 4);
INSERT INTO sae.student_courses (student_id, course_id)
VALUES (13, 4);
INSERT INTO sae.student_courses (student_id, course_id)
VALUES (14, 4);
INSERT INTO sae.student_courses (student_id, course_id)
VALUES (15, 4);
INSERT INTO sae.student_courses (student_id, course_id)
VALUES (16, 4);
INSERT INTO sae.student_courses (student_id, course_id)
VALUES (17, 4);
INSERT INTO sae.student_courses (student_id, course_id)
VALUES (18, 4);
INSERT INTO sae.student_courses (student_id, course_id)
VALUES (19, 4);
INSERT INTO sae.student_courses (student_id, course_id)
VALUES (20, 4);
INSERT INTO sae.student_courses (student_id, course_id)
VALUES (21, 4);
INSERT INTO sae.student_courses (student_id, course_id)
VALUES (22, 4);
INSERT INTO sae.student_courses (student_id, course_id)
VALUES (23, 4);
INSERT INTO sae.student_courses (student_id, course_id)
VALUES (24, 4);
INSERT INTO sae.student_courses (student_id, course_id)
VALUES (25, 4);
INSERT INTO sae.student_courses (student_id, course_id)
VALUES (26, 4);
INSERT INTO sae.student_courses (student_id, course_id)
VALUES (27, 4);
INSERT INTO sae.student_courses (student_id, course_id)
VALUES (28, 4);
INSERT INTO sae.student_courses (student_id, course_id)
VALUES (29, 4);
INSERT INTO sae.student_courses (student_id, course_id)
VALUES (30, 4);
INSERT INTO sae.student_courses (student_id, course_id)
VALUES (31, 4);
INSERT INTO sae.student_courses (student_id, course_id)
VALUES (32, 4);
INSERT INTO sae.student_courses (student_id, course_id)
VALUES (33, 4);
INSERT INTO sae.student_courses (student_id, course_id)
VALUES (34, 4);
INSERT INTO sae.student_courses (student_id, course_id)
VALUES (35, 4);
INSERT INTO sae.student_courses (student_id, course_id)
VALUES (1, 5);
INSERT INTO sae.student_courses (student_id, course_id)
VALUES (2, 5);
INSERT INTO sae.student_courses (student_id, course_id)
VALUES (3, 5);
INSERT INTO sae.student_courses (student_id, course_id)
VALUES (4, 5);
INSERT INTO sae.student_courses (student_id, course_id)
VALUES (5, 5);
INSERT INTO sae.student_courses (student_id, course_id)
VALUES (6, 5);
INSERT INTO sae.student_courses (student_id, course_id)
VALUES (7, 5);
INSERT INTO sae.student_courses (student_id, course_id)
VALUES (8, 5);
INSERT INTO sae.student_courses (student_id, course_id)
VALUES (9, 5);
INSERT INTO sae.student_courses (student_id, course_id)
VALUES (10, 5);
INSERT INTO sae.student_courses (student_id, course_id)
VALUES (11, 5);
INSERT INTO sae.student_courses (student_id, course_id)
VALUES (12, 5);
INSERT INTO sae.student_courses (student_id, course_id)
VALUES (13, 5);
INSERT INTO sae.student_courses (student_id, course_id)
VALUES (14, 5);
INSERT INTO sae.student_courses (student_id, course_id)
VALUES (15, 5);
INSERT INTO sae.student_courses (student_id, course_id)
VALUES (16, 5);
INSERT INTO sae.student_courses (student_id, course_id)
VALUES (17, 5);
INSERT INTO sae.student_courses (student_id, course_id)
VALUES (18, 5);
INSERT INTO sae.student_courses (student_id, course_id)
VALUES (19, 5);
INSERT INTO sae.student_courses (student_id, course_id)
VALUES (20, 5);
INSERT INTO sae.student_courses (student_id, course_id)
VALUES (21, 5);
INSERT INTO sae.student_courses (student_id, course_id)
VALUES (22, 5);
INSERT INTO sae.student_courses (student_id, course_id)
VALUES (23, 5);
INSERT INTO sae.student_courses (student_id, course_id)
VALUES (24, 5);
INSERT INTO sae.student_courses (student_id, course_id)
VALUES (25, 5);
INSERT INTO sae.student_courses (student_id, course_id)
VALUES (26, 5);
INSERT INTO sae.student_courses (student_id, course_id)
VALUES (27, 5);
INSERT INTO sae.student_courses (student_id, course_id)
VALUES (28, 5);
INSERT INTO sae.student_courses (student_id, course_id)
VALUES (29, 5);
INSERT INTO sae.student_courses (student_id, course_id)
VALUES (30, 5);
INSERT INTO sae.student_courses (student_id, course_id)
VALUES (31, 5);
INSERT INTO sae.student_courses (student_id, course_id)
VALUES (32, 5);
INSERT INTO sae.student_courses (student_id, course_id)
VALUES (33, 5);
INSERT INTO sae.student_courses (student_id, course_id)
VALUES (34, 5);
INSERT INTO sae.student_courses (student_id, course_id)
VALUES (35, 5);
INSERT INTO sae.student_courses (student_id, course_id)
VALUES (1, 7);
INSERT INTO sae.student_courses (student_id, course_id)
VALUES (2, 7);
INSERT INTO sae.student_courses (student_id, course_id)
VALUES (3, 7);
INSERT INTO sae.student_courses (student_id, course_id)
VALUES (4, 7);
INSERT INTO sae.student_courses (student_id, course_id)
VALUES (5, 7);
INSERT INTO sae.student_courses (student_id, course_id)
VALUES (6, 7);
INSERT INTO sae.student_courses (student_id, course_id)
VALUES (7, 7);
INSERT INTO sae.student_courses (student_id, course_id)
VALUES (8, 7);
INSERT INTO sae.student_courses (student_id, course_id)
VALUES (9, 7);
INSERT INTO sae.student_courses (student_id, course_id)
VALUES (10, 7);
INSERT INTO sae.student_courses (student_id, course_id)
VALUES (11, 7);
INSERT INTO sae.student_courses (student_id, course_id)
VALUES (12, 7);
INSERT INTO sae.student_courses (student_id, course_id)
VALUES (13, 7);
INSERT INTO sae.student_courses (student_id, course_id)
VALUES (14, 7);
INSERT INTO sae.student_courses (student_id, course_id)
VALUES (15, 7);
INSERT INTO sae.student_courses (student_id, course_id)
VALUES (16, 7);
INSERT INTO sae.student_courses (student_id, course_id)
VALUES (17, 7);
INSERT INTO sae.student_courses (student_id, course_id)
VALUES (18, 7);
INSERT INTO sae.student_courses (student_id, course_id)
VALUES (19, 7);
INSERT INTO sae.student_courses (student_id, course_id)
VALUES (20, 7);
INSERT INTO sae.student_courses (student_id, course_id)
VALUES (21, 7);
INSERT INTO sae.student_courses (student_id, course_id)
VALUES (22, 7);
INSERT INTO sae.student_courses (student_id, course_id)
VALUES (23, 7);
INSERT INTO sae.student_courses (student_id, course_id)
VALUES (24, 7);
INSERT INTO sae.student_courses (student_id, course_id)
VALUES (25, 7);
INSERT INTO sae.student_courses (student_id, course_id)
VALUES (26, 7);
INSERT INTO sae.student_courses (student_id, course_id)
VALUES (27, 7);
INSERT INTO sae.student_courses (student_id, course_id)
VALUES (28, 7);
INSERT INTO sae.student_courses (student_id, course_id)
VALUES (29, 7);
INSERT INTO sae.student_courses (student_id, course_id)
VALUES (30, 7);
INSERT INTO sae.student_courses (student_id, course_id)
VALUES (31, 7);
INSERT INTO sae.student_courses (student_id, course_id)
VALUES (32, 7);
INSERT INTO sae.student_courses (student_id, course_id)
VALUES (33, 7);
INSERT INTO sae.student_courses (student_id, course_id)
VALUES (34, 7);
INSERT INTO sae.student_courses (student_id, course_id)
VALUES (35, 7);
INSERT INTO sae.student_courses (student_id, course_id)
VALUES (17, 6);
INSERT INTO sae.student_courses (student_id, course_id)
VALUES (18, 6);
INSERT INTO sae.student_courses (student_id, course_id)
VALUES (19, 6);
INSERT INTO sae.student_courses (student_id, course_id)
VALUES (20, 6);
INSERT INTO sae.student_courses (student_id, course_id)
VALUES (21, 6);
INSERT INTO sae.student_courses (student_id, course_id)
VALUES (22, 6);
INSERT INTO sae.student_courses (student_id, course_id)
VALUES (23, 6);
INSERT INTO sae.student_courses (student_id, course_id)
VALUES (24, 6);
INSERT INTO sae.student_courses (student_id, course_id)
VALUES (25, 6);
INSERT INTO sae.student_courses (student_id, course_id)
VALUES (26, 6);
INSERT INTO sae.student_courses (student_id, course_id)
VALUES (27, 6);
INSERT INTO sae.student_courses (student_id, course_id)
VALUES (28, 6);
INSERT INTO sae.student_courses (student_id, course_id)
VALUES (29, 6);
INSERT INTO sae.student_courses (student_id, course_id)
VALUES (30, 6);
INSERT INTO sae.student_courses (student_id, course_id)
VALUES (31, 6);
INSERT INTO sae.student_courses (student_id, course_id)
VALUES (32, 6);
INSERT INTO sae.student_courses (student_id, course_id)
VALUES (33, 6);
INSERT INTO sae.student_courses (student_id, course_id)
VALUES (34, 6);
INSERT INTO sae.student_courses (student_id, course_id)
VALUES (35, 6);
INSERT INTO sae.student_courses (student_id, course_id)
VALUES (1, 1);
INSERT INTO sae.student_courses (student_id, course_id)
VALUES (2, 1);
INSERT INTO sae.student_courses (student_id, course_id)
VALUES (3, 1);
INSERT INTO sae.student_courses (student_id, course_id)
VALUES (4, 1);
INSERT INTO sae.student_courses (student_id, course_id)
VALUES (5, 1);
INSERT INTO sae.student_courses (student_id, course_id)
VALUES (6, 1);
INSERT INTO sae.student_courses (student_id, course_id)
VALUES (7, 1);
INSERT INTO sae.student_courses (student_id, course_id)
VALUES (8, 1);
INSERT INTO sae.student_courses (student_id, course_id)
VALUES (9, 1);
INSERT INTO sae.student_courses (student_id, course_id)
VALUES (10, 1);
INSERT INTO sae.student_courses (student_id, course_id)
VALUES (11, 1);
INSERT INTO sae.student_courses (student_id, course_id)
VALUES (12, 1);
INSERT INTO sae.student_courses (student_id, course_id)
VALUES (13, 1);
INSERT INTO sae.student_courses (student_id, course_id)
VALUES (14, 1);
INSERT INTO sae.student_courses (student_id, course_id)
VALUES (15, 1);
INSERT INTO sae.student_courses (student_id, course_id)
VALUES (16, 1);

INSERT INTO sae.teacher_classes (teacher_id, class_id, course_id)
VALUES (1, 3, 5);
INSERT INTO sae.teacher_classes (teacher_id, class_id, course_id)
VALUES (1, 1, 5);
INSERT INTO sae.teacher_classes (teacher_id, class_id, course_id)
VALUES (1, 5, 2);
INSERT INTO sae.teacher_classes (teacher_id, class_id, course_id)
VALUES (1, 7, 2);
INSERT INTO sae.teacher_classes (teacher_id, class_id, course_id)
VALUES (1, 2, 3);
INSERT INTO sae.teacher_classes (teacher_id, class_id, course_id)
VALUES (1, 4, 4);
INSERT INTO sae.teacher_classes (teacher_id, class_id, course_id)
VALUES (1, 6, 6);

INSERT INTO sae.examinations (course_id, exam_type, datetime, total_marks, ref_ans_sheet)
VALUES (7, 'MST', '2018-09-22 08:00:00', 30, null);
INSERT INTO sae.examinations (course_id, exam_type, datetime, total_marks, ref_ans_sheet)
VALUES (1, 'MST', '2018-09-24 13:00:00', 20, null);
INSERT INTO sae.examinations (course_id, exam_type, datetime, total_marks, ref_ans_sheet)
VALUES (6, 'MST', '2018-09-24 13:00:00', 25, null);
INSERT INTO sae.examinations (course_id, exam_type, datetime, total_marks, ref_ans_sheet)
VALUES (3, 'MST', '2018-09-25 13:00:00', 25, null);
INSERT INTO sae.examinations (course_id, exam_type, datetime, total_marks, ref_ans_sheet)
VALUES (5, 'MST', '2018-09-26 13:00:00', 25, null);
INSERT INTO sae.examinations (course_id, exam_type, datetime, total_marks, ref_ans_sheet)
VALUES (2, 'MST', '2018-09-28 13:00:00', 25, null);
INSERT INTO sae.examinations (course_id, exam_type, datetime, total_marks, ref_ans_sheet)
VALUES (4, 'MST', '2018-09-29 13:00:00', 25, null);

-- CA
INSERT INTO sae.evaluations (exam_id, teacher_id, student_id, marks_obtained, datetime, ans_sheet, status) VALUES (3, 1, 6, 10, now(), 'a', true);
INSERT INTO sae.evaluations (exam_id, teacher_id, student_id, marks_obtained, datetime, ans_sheet, status) VALUES (3, 1, 7, 13, now(), 'b', true);
INSERT INTO sae.evaluations (exam_id, teacher_id, student_id, marks_obtained, datetime, ans_sheet, status) VALUES (3, 1, 8, 19, now(), 'c', true);
INSERT INTO sae.evaluations (exam_id, teacher_id, student_id, marks_obtained, datetime, ans_sheet, status) VALUES (3, 1, 9, 7, now(), 'd', true);
INSERT INTO sae.evaluations (exam_id, teacher_id, student_id, marks_obtained, datetime, ans_sheet, status) VALUES (3, 1, 10, 3, now(), 'e', true);

-- Software
INSERT INTO sae.evaluations (exam_id, teacher_id, student_id, marks_obtained, datetime, ans_sheet, status) VALUES (4, 1, 11, 12, now(), 'f', true);
INSERT INTO sae.evaluations (exam_id, teacher_id, student_id, marks_obtained, datetime, ans_sheet, status) VALUES (4, 1, 12, 14, now(), 'g', true);
INSERT INTO sae.evaluations (exam_id, teacher_id, student_id, marks_obtained, datetime, ans_sheet, status) VALUES (4, 1, 13, 9, now(), 'h', true);
INSERT INTO sae.evaluations (exam_id, teacher_id, student_id, marks_obtained, datetime, ans_sheet, status) VALUES (4, 1, 14, 6, now(), 'i', true);
INSERT INTO sae.evaluations (exam_id, teacher_id, student_id, marks_obtained, datetime, ans_sheet, status) VALUES (4, 1, 15, 21, now(), 'j', true);

-- Software
INSERT INTO sae.evaluations (exam_id, teacher_id, student_id, marks_obtained, datetime, ans_sheet, status) VALUES (4, 1, 1, 11, now(), 'k', true);
INSERT INTO sae.evaluations (exam_id, teacher_id, student_id, marks_obtained, datetime, ans_sheet, status) VALUES (4, 1, 3, 1, now(), 'l', true);
INSERT INTO sae.evaluations (exam_id, teacher_id, student_id, marks_obtained, datetime, ans_sheet, status) VALUES (4, 1, 5, 7, now(), 'm', true);

-- ADS
INSERT INTO sae.evaluations (exam_id, teacher_id, student_id, marks_obtained, datetime, ans_sheet, status) VALUES (5, 1, 21, 16, now(), 'n', true);
INSERT INTO sae.evaluations (exam_id, teacher_id, student_id, marks_obtained, datetime, ans_sheet, status) VALUES (5, 1, 22, 15, now(), 'o', true);
INSERT INTO sae.evaluations (exam_id, teacher_id, student_id, marks_obtained, datetime, ans_sheet, status) VALUES (5, 1, 23, 21, now(), 'p', true);
INSERT INTO sae.evaluations (exam_id, teacher_id, student_id, marks_obtained, datetime, ans_sheet, status) VALUES (5, 1, 24, 18, now(), 'q', true);
INSERT INTO sae.evaluations (exam_id, teacher_id, student_id, marks_obtained, datetime, ans_sheet, status) VALUES (5, 1, 25, 19, now(), 'r', true);

-- ADS
INSERT INTO sae.evaluations (exam_id, teacher_id, student_id, marks_obtained, datetime, ans_sheet, status) VALUES (5, 1, 26, 13, now(), 's', true);
INSERT INTO sae.evaluations (exam_id, teacher_id, student_id, marks_obtained, datetime, ans_sheet, status) VALUES (5, 1, 27, 11, now(), 't', true);
INSERT INTO sae.evaluations (exam_id, teacher_id, student_id, marks_obtained, datetime, ans_sheet, status) VALUES (5, 1, 28, 20, now(), 'u', true);
INSERT INTO sae.evaluations (exam_id, teacher_id, student_id, marks_obtained, datetime, ans_sheet, status) VALUES (5, 1, 29, 11, now(), 'v', true);
INSERT INTO sae.evaluations (exam_id, teacher_id, student_id, marks_obtained, datetime, ans_sheet, status) VALUES (5, 1, 30, 22, now(), 'w', true);

-- AI
INSERT INTO sae.evaluations (exam_id, teacher_id, student_id, marks_obtained, datetime, ans_sheet, status) VALUES (6, 1, 16, 24, now(), 'x', true);
INSERT INTO sae.evaluations (exam_id, teacher_id, student_id, marks_obtained, datetime, ans_sheet, status) VALUES (6, 1, 17, 22, now(), 'y', true);
INSERT INTO sae.evaluations (exam_id, teacher_id, student_id, marks_obtained, datetime, ans_sheet, status) VALUES (6, 1, 18, 23, now(), 'z', true);
INSERT INTO sae.evaluations (exam_id, teacher_id, student_id, marks_obtained, datetime, ans_sheet, status) VALUES (6, 1, 19, 21, now(), 'aa', true);

-- ML
INSERT INTO sae.evaluations (exam_id, teacher_id, student_id, marks_obtained, datetime, ans_sheet, status) VALUES (7, 1, 31, 23, now(), 'ab', true);
INSERT INTO sae.evaluations (exam_id, teacher_id, student_id, marks_obtained, datetime, ans_sheet, status) VALUES (7, 1, 32, 25, now(), 'ac', true);
INSERT INTO sae.evaluations (exam_id, teacher_id, student_id, marks_obtained, datetime, ans_sheet, status) VALUES (7, 1, 33, 18, now(), 'ad', true);
INSERT INTO sae.evaluations (exam_id, teacher_id, student_id, marks_obtained, datetime, ans_sheet, status) VALUES (7, 1, 34, 14, now(), 'ae', true);
INSERT INTO sae.evaluations (exam_id, teacher_id, student_id, marks_obtained, datetime, ans_sheet, status) VALUES (7, 1, 35, 20, now(), 'af', true);